Demográfica;Número de Hogares (Renta);Renta de mercado ampliada;Renta Bruta (Renta);Renta Disponible;Renta disponible extendida;Año;Impuestos Directos;IRPF;Impuesto de Patrimonio;Impuesto sobre Sociedades;Cotización social trabajadores (*);Cotización Social Empresas y SEPE;IBI;Impuestos Indirectos;IVA e ITPAJD;II.EE. e I. Primas de Seguros;I.E. Bebidas Alcohólicas;I.E. Labores del Tabaco;I.E. Hidrocarburos;Prestaciones monetarias;Impuestos totales;Prestaciones en especie;Jubilación;Superviviencia;Desempleo;Invalidez;Ingresos Asistencia social;Resto de prestaciones;Prestaciones en especie. Sanidad;Prestacones en especie. Educación
Quintil 1;3785526.0;3365.7890899538556;10884.28710061886;7817.729518808626;13084.31037510237;2021;1515.9912790187911;225.66944829873708;15.83602082276823;7.729489007821519;553.8157965273581;712.9405253627663;178.45170473006922;1550.5663048468102;1346.2084564119712;204.35784797866629;6.874555503710477;60.0;83.57399206698217;7518.498011990941;3066.5575778286056;5266.580850576375;3164.0881503415903;2073.262621281692;2073.262621281692;480.35379827796714;506.00003792867886;217.23732489905322;3848.9386172489635;1417.642233652006
Quintil 2;3785526.0;12709.543417314026;23842.882021483358;16824.294908004063;23551.362594002632;2021;4746.721397260886;1092.5512720015256;32.421249230318026;23.131181377495224;1013.2403478861054;2585.3773473593865;223.39352496852484;2271.865713765046;1922.648669725348;349.21704429229567;11.652339751349029;86.0;175.07867053596982;11133.338609273755;7018.587109765511;6727.067674152204;6531.857829857727;1703.8970182241517;1703.8970182241517;852.135278217611;205.38976830960877;374.5971107602545;4545.667995940326;2181.3996781653777
Quintil 3;3785526.0;24911.255013335354;37636.35247309475;25167.40414441956;32479.552604580662;2021;9606.49794604311;2856.4804552448895;26.625967825697035;27.9731837995659;1613.5161825671082;5081.902157288421;262.4544221859789;2862.450367732605;2382.7199954185576;479.7303726372667;16.113780776084848;126.0;248.70379741901334;12725.097469126009;12468.948323398994;7312.148453648061;8735.714212920477;1104.9288442610089;1104.9288442610089;812.6999419763595;84.50346820494696;402.5397221047013;4680.761737998893;2631.386716627997
Quintil 4;3785526.0;45397.141656909516;56605.78009475062;36115.42426795871;44213.41230852789;2021;16887.314129316765;5084.502232819623;49.4640601338527;83.69358851546481;2593.860264055797;9075.793991975825;300.02935576192056;3603.0417339166625;2953.5109198127107;649.5308151269209;21.217625461615874;187.0;336.3530749124927;11208.638418883293;20490.355846561455;8097.988028577185;6992.692265481732;991.1560438787106;991.1560438787106;857.2502943844528;49.491006903664115;566.3038277614351;4937.014994481612;3160.973034732378
Decil 9;1892763.0;69229.33568919195;81241.04807186141;49952.75739747553;59333.928445666716;2021;26919.946155144742;9658.94333819639;49.70791285503742;147.56976122998032;3520.7980274275524;13542.92710907252;359.41138378127636;4368.344492688432;3552.8447802730525;815.4997143810397;25.630196969875026;239.0;433.0543316072395;12011.712422892462;31288.29069314154;9381.171049580114;8118.954198449568;857.6580467813455;857.6580467813455;914.1054714721283;68.50698882004772;531.4353894858175;5319.663888717182;4061.507160772642
Centiles 91-99;1703487.0;119310.53745408499;129514.01882613152;77836.36529751869;87806.89527741709;2021;46075.3526446255;20832.749808355617;94.42926630291126;812.9426382226791;4837.347220109169;19497.883622780395;481.0961245961959;5602.3008359827045;4518.677121709817;1083.62370731785;32.10233471695272;317.0;595.8376162886397;10203.48151070232;51677.65348549929;9970.530021602839;7040.285261184852;714.9270893760856;714.9270893760856;646.5481530120277;146.85905914163126;484.6928084486829;5395.436764706746;4575.0932569024
Centil 100;189276.0;411487.22976483416;426228.043624786;324516.4925743359;334324.44779998023;2021;94903.70411251088;42578.59196709858;559.0402013523172;27920.135660674518;4961.4470220361045;18884.489340768505;674.7582630655762;6807.848260826833;5630.6891887831425;1177.1590843414922;32.019316416808955;318.0;672.2996188138358;14740.813791514425;101711.55207210634;9807.955202984002;11332.066798009257;1108.884152243285;1108.884152243285;618.4819760561297;6.901613622434962;587.3663998717108;5746.13747120607;4061.8177317779327
Quintil 1;3829801.0;4065.846633052224;12030.39099065999;8725.425962947918;14337.165306049357;2022;1727.0310851839326;273.5972203741918;14.170096110483158;9.93429528507102;640.7224539442607;788.6070216381574;180.99386939425835;1577.9339486321953;1387.7527633753728;190.1811843214079;5.958823769094387;57.11040691305361;83.30192965196683;7964.544365741422;3304.965031789685;5611.739337631126;3625.569615648437;2200.2397831976127;840.7383401505558;484.3776888694739;565.0031898028122;248.6157417314048;4023.7034172271615;1588.0359200013027
Quintil 2;3829801.0;15841.531200619833;26955.723022518723;18669.266777076475;25647.79020371108;2022;5972.815933146378;1432.4540168160688;22.98753064338083;21.839534716536924;1235.5712049985893;3259.963653999253;223.44293737455288;2313.640332388827;1997.106005424241;316.53432611878105;9.998687412194679;74.03830404782424;171.1934813958337;11114.191824725525;8286.45625514709;6978.523428944052;6793.3488077213415;1668.3498423495112;1085.5426454052315;858.5082885847072;231.40124842517926;477.0409839542543;4632.887021544983;2345.6364073166746
Quintil 3;3829800.0;28556.549821507182;41671.525247891535;27615.458565478188;35178.24604397076;2022;11055.366941059236;3282.543220943611;26.462496263861713;43.68418969567921;1758.229602681046;5944.4474193184615;264.8727844796073;3000.699737597411;2541.0810424943315;459.61869064923695;15.422420105266328;121.0683591655514;246.5211960777666;13114.975403868904;14056.066689486257;7562.787479919628;9231.298145519348;1184.4871078881404;1146.8142037094026;887.639303621599;103.63318868087106;561.1034524534338;4881.696506867199;2681.090973629169
Quintil 4;3829801.0;51082.76918187337;62667.35154575121;39456.67174522723;48133.50800028411;2022;19376.74922648916;6069.935400919032;35.41627853412587;113.85958502299911;2795.713870101402;10361.824095714841;298.50187881824667;3833.930594831751;3214.4533945362446;619.4771991692163;21.85545944256047;170.0906086211211;336.71870399746945;11584.582356416911;23210.679826273044;8676.836269231932;7694.6460128293875;1090.513202017546;1200.1172960336592;864.9957146546257;63.48442138638535;670.8257192764053;5203.232768752215;3473.6035016046076
Decil 9;1914900.0;77951.54766478096;89430.81786600313;54682.0398484561;64493.22309555166;2022;30043.234567703144;10942.211961081442;54.59499794767335;251.94258723332456;3876.294926367359;14918.19008126162;371.8102417880829;4705.543441635276;3926.0122662194804;779.5311778165108;26.884269270022806;209.98542335880205;441.82734747946927;11479.270257318696;34748.778019484686;9811.183230723129;8245.962930173899;849.2481110867409;949.2007844507189;645.7335873413756;88.48084505196094;700.6440038632206;5562.057769074103;4249.125460643343
Centiles 91-99;1723410.0;131687.79703463535;143053.1056717904;87579.02066969065;97883.41984937384;2022;49566.995997673555;22940.676812097514;121.6856641597169;1493.701192872297;5082.27797858361;19928.654410524752;473.9951317446226;5907.08900050569;4899.7988089683095;1007.2901836566452;34.84363789932161;288.3298525726078;564.3317611522425;11365.308607267605;55474.08505567156;10304.39921480218;8181.758840966457;749.7582926871726;965.4047784632681;682.2474643816619;61.78137099703495;724.3578396789547;5691.60098931769;4612.798225197202
Centil 100;191488.0;447979.8785656608;465466.40102757746;353356.0518247227;363797.50217441824;2022;105012.73213338597;49030.310981485294;555.1717059695944;31578.12678557338;4894.898461884097;18954.224141285657;664.930382787613;7097.616565487601;6061.036680020432;1036.5798686080946;44.13632516503128;197.74396199167876;647.1357560700517;17486.52303431254;112110.3489928016;10441.450414647394;13323.35172924674;1288.7552045036764;642.6885631713957;991.7650521181484;738.915730489639;501.0466761466652;5798.467674214572;4642.982740432821
1. Una Persona > 65 años;2297503.0;6723.0;23037.0;18572.0;22321.0;2021;2983.615285221536;2247.9146144222423;68.8896435013193;393.5466918442474;78.40306814016193;194.86127076528777;263.7810919835738;1481.29888380627;1363.6676722693037;117.63121105476819;6.2714333855177165;11.411740214087715;35.76159482774173;16313.759809120931;4464.91416299115;3749.2114763099416;10679.180154425962;5470.421774711896;37.49506798836554;0.0;69.9101668608607;56.75263679738881;3748.1015552800072;1.1099210299350595
2. Una persona entre 30 y 65 años;2606808.0;26815.0;30213.0;17934.0;19525.0;2021;10408.267216975139;3480.839156180493;14.743947803331105;100.13802322252138;1520.0345482805383;5292.511524081249;196.5603827628656;1870.1757868725272;1655.166306597163;215.00947942460283;7.379193337167802;42.46961627375295;104.40255217546003;3397.4580021102997;12278.443006179969;1590.7878857299306;550.0282554664257;449.5607781699534;1117.0291258248315;828.2599745211518;266.8425133351295;185.7373569602739;1550.9972717202857;39.790614009645054
3. Una persona < 30 años;178517.0;21365.0;22960.0;12985.0;14502.0;2021;8014.589645691975;1996.6021241263481;0.0;7.7344834947030385;1157.6908602033666;4864.420145794915;78.15396308216063;1959.8025029436124;1747.1128571936724;212.6896406362487;11.557070123681894;26.513187266931908;134.84336733815272;1594.7872800643313;9974.39209366618;1516.851305013145;376.5870929938404;375.2540792085948;548.7948420561918;67.10933089432802;19.70499845598383;207.33693802378258;1274.629006889838;242.22229812330704
4. Pareja sin hijos al menos 1 > 65 años;2741682.0;16973.0;42874.0;33201.0;39802.0;2021;7046.12259864113;4335.857786179271;84.3446669061199;709.2670859677196;491.26319323672595;1425.3898602944114;333.23604413032524;2627.4470275830854;2249.3162836286974;378.13074577698563;13.458601433746239;81.3896171619462;183.3272751759073;25901.01210512621;9673.569632364479;6601.933649398487;23074.690576617446;1781.357677602339;474.2461996144518;373.9234771101401;91.55936439487638;105.23481120399488;6563.769815916919;38.163833481567714
5. Pareja sin hijos ambos < 65 años;2584810.0;52362.0;57573.0;35062.0;38464.0;2021;19350.147161225028;6477.349763059924;23.07655773301139;416.50384735092314;2806.931471085146;9626.28550762864;255.95887242120745;3161.116516567623;2620.4328455628147;540.6836707299074;18.670126779998597;154.04192909853404;283.16588777850603;5210.363809190087;22511.26366045548;3402.0932979770346;1358.196476795014;341.80346575467274;2019.4764809736125;1033.1458425518756;142.18802809029899;315.55352648759276;3108.139579510178;293.9537184352185
6. Pareja con 1 hijo;1975512.0;52714.0;57598.0;35001.0;44054.0;2021;18872.569583113574;5582.542388119594;24.15361246667014;279.8431609158754;2853.6209962276275;10132.409432699116;289.68517711667187;3723.855118370295;3044.6444810574067;679.2106372262593;21.293721225990698;185.5010886777504;371.9724894744837;4883.481984876516;22596.424697119844;9052.295203115465;750.3201175675638;375.83539176187463;1923.3106073898718;855.7864947287788;218.42030061368663;759.8090783899884;4540.8533036032295;4511.4418997206485
7. Pareja con 2 hijos;2079456.0;65450.0;69304.0;41917.0;56930.0;2021;23154.870999330557;7706.230722786141;40.719554432586136;428.4313952620522;3353.8189546750787;11625.670360343434;333.620258599182;4232.700928152538;3433.0489240874667;799.6520028536405;26.24440942719017;234.507684248887;426.92770107022085;3854.384463882961;27387.571917496643;15013.429789341659;224.23673774650308;93.27722627830659;1749.5974583527943;721.9114572414104;175.4344692431246;889.9271069516377;5532.578002683768;9480.851789203769
8. Pareja con 3 o más hijos;576996.0;62991.0;67299.0;42004.0;63823.0;2021;21107.690449505626;7469.566541680384;28.404523223994033;634.4820621278596;3097.1036595906307;9878.13362036114;267.7945224287995;4186.938775115937;3386.122683448716;800.816085484146;27.108028778980596;224.8422819179887;453.2667075953058;4307.48094029595;25294.629226502508;21819.087410714757;118.43698914786839;60.2321691657003;1914.4877804234773;592.5803032771205;601.2052290470514;1020.5384745851245;6995.36390461583;14823.723508667545
9. Monoparental con al menos 1 hijo;657063.0;28994.0;33343.0;20409.0;30788.0;2021;10005.532068527931;3188.376839976475;1.9999956004786885;174.9658705989683;1452.7141682216043;5187.47520348935;226.37699890600186;2928.156600529982;2499.0582198114244;429.0983810768184;15.55799850134978;130.19826085986884;210.8718148496677;4348.848614696965;12933.688681005455;10378.879690900825;367.443517904777;1098.4622810458727;1274.8480300131594;292.5774447929601;530.3402346917561;785.1771013818609;3414.8195969869153;6964.06009568125
10. Otros hogares;3229465.0;53413.0;68898.0;45361.0;55238.0;2021;19343.36721216095;6254.243537021173;60.66958800259498;425.94081191327143;2910.201425359851;9692.311853385398;310.0095257817461;4194.081918634714;3286.4864566473425;907.595463380849;23.948568828141816;296.6017354855522;470.70985206162834;15485.366235299372;23537.449145893734;9877.432824118488;9500.404591710643;1243.9433526667074;2582.165294274265;1462.1196103222348;189.3107577322672;507.42263569526176;7080.909944226006;2796.5228795019084
1. Una Persona > 65 años;2218441.12751;8962.82788932461;26773.73349810388;21561.850694660723;25480.97575728556;2022;3693.216867061866;2609.648732068843;57.84011337976487;617.5127020469293;108.74666270968336;299.4686560868404;259.7921783894768;1518.6659669580952;1409.9736944718707;108.69227225999121;4.462498681345356;12.3880067499766;37.56094860946709;17810.9056329498;5211.882835194045;3919.1250679063373;11844.814115040987;5814.384900808828;50.329137737018115;0.0;58.0;43.0;3919.1250679063373;0.0
2. Una persona entre 30 y 65 años;2763976.06261;30723.039222896277;33841.17453242256;20184.352632526436;21793.066473666702;2022;11732.71520475496;4090.206602728008;8.667335460028584;178.80985444820013;1628.705863840356;5826.325545178701;203.63971680549594;1924.1066986501435;1736.1034826082112;188.0032143249914;5.70262499724732;41.33599300734294;96.36261754435051;3118.1353250493885;13656.821907000907;1608.713832884105;586.7487536012546;437.5499431145274;741.0734612848487;849.606550850112;294.0;209.0;1558.3540799809084;50.35975290319666
3. Una persona < 30 años;242184.93219;21124.89502756695;22488.27369590743;13210.40778367657;15493.336417288572;2022;7650.980165750354;1855.6566211503882;-2.87599331614378;14.589729578664585;1119.5868383934078;4664.02296811663;49.58511763159083;1626.88578881825;1421.4682372709137;205.4175495869695;8.014500917874463;70.81360209450533;104.23622355204465;1363.3786158184714;9277.865936147708;2282.9286384122092;265.21028204624247;311.96161370643114;352.42977048435006;57.935561708220746;102.0;273.0;1302.452846653127;980.4757917590828
4. Pareja sin hijos al menos 1 > 65 años;2856205.35845;21421.780594865955;49130.973655069654;37766.61921385539;44616.69658955282;2022;8617.017879068802;5178.061850758607;96.0579779346298;946.1039750216142;618.6334589720478;1778.1606144663908;346.78814027616403;2747.336544679491;2371.095428221653;376.2411151297647;11.312898590756541;94.40334469357093;184.76521986609652;27709.193059579688;11364.354428272523;6850.077398086015;24670.722993686864;1930.7541725845335;381.22807210706753;421.04655799755835;122.0;184.0;6810.517562715757;39.55983537025774
5. Pareja sin hijos ambos < 65 años;2484198.64302;56548.67789444327;61243.57437967929;36637.46930426502;40037.53781670504;2022;21199.746539445445;7108.132145490557;25.297395513638147;292.6129124978915;3036.6244291756234;10737.079649036563;251.55895256415246;3406.358547521753;2875.179559211723;531.1789883642557;17.24920910067252;150.68905264634068;287.5832475392067;4694.8964429130565;24606.10507450509;3400.0685117506528;1264.8700691950953;362.69021184589474;1378.5706755939573;1127.7779798628571;126.0;435.0;3114.7938162339356;285.2746955559096
6. Pareja con 1 hijo;1935214.61326;61952.00554610445;66742.62046603601;40793.00963864019;50404.49583278904;2022;22076.432446568768;6966.123847076833;27.95327687930022;553.1649484469214;3162.987332371332;11366.203045363698;292.66567724109416;3873.1784119437116;3240.444529218995;632.733880714632;23.381198640549474;176.4295574218972;345.54297134812856;4790.614858586407;25949.61086112851;9611.486211059191;980.7162890725907;360.8474423318747;1445.4923738952282;697.0586249061054;272.0;1035.0;4831.120209768873;4780.366001032779
7. Pareja con 2 hijos;2066698.36139;72474.10701320013;75893.6216014664;45810.33882363849;61738.949374285046;2022;25547.587352545204;8619.666389770686;26.816521569233068;578.3547184978246;3637.370878823864;12685.378829352618;335.69403567818927;4535.695429214981;3796.103638592899;739.5917852422177;26.154921885992017;184.83599376492205;429.8998649721942;3419.5147264006564;30083.282813816204;15928.610532566;132.81902547538462;101.42280611793021;1257.1653724705411;685.5207386082421;198.0;1045.0;5956.183176011078;9972.427356547936
8. Pareja con 3 o más hijos;564016.81916;69498.78130391243;73800.95805779462;46106.98729255207;69664.47065522813;2022;22867.055563477526;8550.42072424414;35.37466537048489;938.0398818839328;3216.907395868948;10126.312951689728;267.7076415871683;4826.915002968322;3990.572266861552;836.3427426676603;28.613124596130888;202.62238225666454;519.6642925412102;4302.176811107208;27693.970590195433;23557.48349021688;114.24584789032978;96.58369285796353;1270.783706767808;573.4800134760192;971.0;1276.0;7785.316928595474;15772.166560917745
9. Monoparental con al menos 1 hijo;704704.45319;29514.476909992445;33454.67474573349;20329.27832358479;31364.04849614701;2022;10327.869718241427;3154.892723892203;0.0;75.03871542165913;1508.814698418027;5576.184450486346;232.94956387667324;2797.5267187891563;2428.851647990191;368.67506739044666;10.565547373545355;93.48756902692529;207.97578668806707;3940.197843832856;13125.396436668147;11034.770158181414;363.2484633402819;1039.1963691927851;843.9287139589014;277.94957835486184;644.0;772.0;3672.1535694998947;7362.616586672085
10. Otros hogares;3313368.63056;60965.28552393392;76590.34599600485;49932.38094621428;60396.19941707049;2022;22228.698404958704;7212.463265310424;52.05439745134363;508.3231019249033;3291.1140634265;11164.7436063005;308.0904612091892;4429.26664885564;3580.7854216766505;848.4812219536756;29.641766567321085;255.8614611581891;463.88693859757564;15625.060445237248;26657.965087979424;10463.818464770991;9991.444756332437;1327.7956231303174;1963.0085076643481;1450.5262173490107;164.0;728.0;7304.304199931518;3159.5142661879327
1. Asalariado;10545563.80699;57205.98182054778;61249.18533163101;36681.10919084537;44802.8194157217;2021;21019.560761583358;6704.703325769532;30.410467120286558;313.90116412747204;2788.1110525835256;11182.434741886927;274.1305143291009;3548.515387317368;2905.9145475080068;642.6008400858049;20.23526830028005;183.36480180848258;343.5899635101258;4043.203521291869;24568.076143974224;8121.710221158875;1129.1980763587608;470.3518950449886;1486.0539351351408;387.7431800710336;56.98887457831846;512.8675622685221;4285.814747088243;3835.895474589503
2. Autónomo;990379.66631;48546.932178987685;51963.63078730247;35080.67706187679;43815.40987982344;2021;13455.428888173274;6187.473365285886;52.597642823280665;348.0168592022785;4774.050430148243;2093.290587418714;305.29413663428227;3427.5247565880495;2800.0273926297705;627.4973591168152;21.649520833018013;185.65810632728565;321.83594765846703;3416.698735830418;16882.953695135984;8734.732796223603;1044.1530962892423;349.7873534807902;1153.6525789699535;242.44419898042443;63.74768122495784;562.9138293437012;4409.9658384379745;4324.766959803242
3. Pensionista;5997819.05261;8644.978405327704;32806.47662315232;25848.112019550314;31910.36663270895;2021;4629.426245861067;2987.4825309536827;65.04156216371787;294.6233365692393;336.0086082519075;946.2702056477826;294.87793216087084;2328.9383897019447;1984.7359739394574;344.20241643618397;11.951880635806276;80.817149231872;164.57949660291865;24161.498219661218;6958.364640555669;6062.25460728336;18546.998271257544;3242.6615698675037;499.30420116884375;1612.650809044341;115.66572065011022;144.21764700770856;5598.706572993131;463.54803434503276
4. Perceptor de rentas de la propiedad;243330.40645;103558.9899569225;111341.00099240681;90919.11006272037;96623.5570100082;2021;17902.541882353387;5804.349167860559;331.51566127851436;8339.789672286484;1224.3512709724769;2202.5361504826874;478.3119495072869;2519.3490204746554;2115.280952803209;404.0680639071764;10.206604852982931;156.91316012719236;154.82376846273607;7782.01111985317;20421.890713216388;5704.446970737038;4806.979378025331;1464.4647711123732;862.7114230004228;422.07070035827616;11.430765089075452;214.35412304192147;4556.872201638201;1147.574767484385
5. Perceptor de subsidios;963058.45838;10478.7492804229;22008.054077318004;15243.693457721143;22885.203737779517;2021;4260.247163746924;687.8846533658764;7.767408908744949;36.94419442200928;1183.750383394772;2343.900528910434;168.32668035043193;2504.113463019542;2105.184737099263;398.9287225419698;11.128364423948645;138.05855959769136;183.40338735518105;11529.304817787139;6764.360630432066;7641.510303348977;373.86605386715644;174.80654774998436;7514.141551741105;216.0634767035985;2277.934351751584;972.4928419703983;3849.0505810780296;3792.4597218557587
6. Perceptor de transferencias de hogares;83776.5042;8328.610040543785;10500.992658392985;7177.044254796419;13348.424823099695;2021;1666.5870764977578;71.90586103799669;0.3938580830159256;14.141065263130132;1143.7887981317144;436.35749012326255;216.80589029256728;1657.3613178000992;1377.0266405596146;280.3346842556393;7.135172530499093;131.80152011787936;93.55596617426764;2172.3826389271962;3323.9483757019198;6171.380577384608;438.85157629525435;56.17850561468044;957.2274300507646;27.766853690500493;321.21101496292084;371.14726283892907;2915.2704156866694;3256.110161697938
1. Asalariado;11080433.00278;62116.2095708535;66159.28002169555;39643.49513373194;48103.408243480466;2022;22813.011106864687;7390.225954577483;30.44280239245626;379.61087277825476;2989.698755976012;12023.032729105124;273.134554046661;3702.77376851756;3105.2261607433015;597.547605399107;20.408670316362464;163.14739565057585;332.6373840294813;4043.0704678940965;26515.784894356933;8460.0;1291.3466967942816;520.750848517817;1073.9514545839056;392.07379351479744;80.22284505374043;684.7248254557749;4473.442510292196;3986.4706059796404
2. Autónomo;1026276.00348;54196.0562330464;57332.89555231867;38489.62603985395;47651.61621268824;2022;15302.130354248604;7229.168228202118;56.01255630123647;656.8640923756535;5101.962581138174;2258.1228812459954;297.9251943450303;3541.139145934335;2972.5002470959876;568.6388919515718;18.310732966524988;139.61824202555363;332.9442843351862;3136.839404344876;18843.269501015442;9162.0;1209.372146488349;316.0095099442703;684.7029906068623;216.39284762084304;61.69503519122398;648.6668816914445;4612.462382730455;4549.527801738406
3. Pensionista;5833112.23517;10783.339379047115;37169.221623838675;29160.070491872448;35462.79463202368;2022;5579.126796124862;3548.083236714141;61.18903697162849;430.2654646211243;398.9787843867577;1140.610274371411;304.28249861120355;2430.0243618111067;2102.543539377905;327.48082131767256;10.994068823210066;82.08781297251254;160.21021193014576;26385.88222586453;8009.151158976043;6303.0;20583.024133407565;3457.571126329964;439.61913402874995;1613.858610050167;101.61069484616674;190.19852492734375;5866.699260622342;436.02488435736876
4. Perceptor de rentas de la propiedad;220063.93015;124444.07826327963;133233.41041933035;109134.60436829216;114922.19482538973;2022;21388.76854468131;6915.314352682714;343.74485191861726;10982.24977283626;1261.0234464685623;1886.436152755942;412.8815866025739;2710.0377485219506;2391.5069219335924;318.53082921456433;8.640685995175875;50.27611546795347;192.00732426980514;8789.331692490501;24098.8061948084;5788.0;5540.5799967502135;1401.5790073097173;630.220611456879;670.7233668131888;334.2893767560063;211.93928388146702;4455.86297786439;1331.7274534577018
5. Perceptor de subsidios;750823.45925;11115.113741832542;22492.66720264586;15842.301584858466;24207.383851579256;2022;4138.840004547323;800.0663175764867;0.8082858197267073;27.786699467604734;845.647015290594;2464.531672164355;161.991502950219;2511.525609422001;2142.7836168061685;368.7419915477911;15.706742446553417;138.0196196876718;167.74287701242994;11377.553499669422;6650.365602150077;8365.0;416.0855020581458;122.52771324275987;6145.640566014264;424.21566643024687;3279.8741309838547;989.2099131932742;4011.5123608330837;4353.569887138385
6. Perceptor de transferencias de hogares;88296.6359;8273.496907746236;10180.416309942933;7114.159104862932;14619.21312838466;2022;1461.5866840671258;189.7868417798534;8.10471241123536;11.522968482220696;803.6380747705269;448.5340806560671;161.7384458112747;1604.670484425616;1444.1979845124638;160.47250625200462;2.9396444442517944;46.884793086236506;75.99887927679531;1906.9193987167312;3066.257165871747;7505.0;264.9667831377594;343.598960543875;567.5052726210118;128.66780813519082;299.5175079227566;302.66306205296917;3135.823920542595;4369.230101458134
Edad entre 17 y 30 años;835089.09571;37582.48147587567;42458.80722547213;26122.17796055014;32331.74775283423;2021;13250.564852083337;3078.059336950795;25.404826802636382;58.93238629080758;2213.7109854077844;7874.457327008215;161.4882908206379;3086.0643795114024;2492.3295866017784;593.7347922606986;18.083023432370048;209.46933243613668;288.8459041100356;4876.325800474655;16336.629212475063;6209.569809218684;1052.4261228435803;545.175474514556;2100.76558290307;410.32689550818344;250.04640827801066;517.585339158688;4070.196524410213;2139.3732859034703
Edad entre 30 y 40 años;2890146.09625;44803.45192827273;48648.86925122143;29372.122537388;36616.30953987919;2021;16129.292146031697;4546.563741372023;13.402505550824987;148.85000318430815;2438.9426312048595;8981.533238388352;196.75128886499107;3147.4545444544856;2584.5858298535304;562.8687168774169;19.207347127997554;173.8309968580719;286.12501100556176;3845.417329427317;19276.74669249757;7244.186988758013;764.2448638915981;215.38382021491725;1734.1450040370673;235.95044902531023;169.22864526243148;726.4645532285044;3883.9001583806044;3360.2868304588974
Edad entre 40 y 50 años;4162375.69907;50332.68801484564;54674.27749137093;33222.696660063615;42778.23163984428;2021;17989.342510243074;5771.215130397854;22.64431188435523;211.8277668718057;2689.8216462785567;9293.833639748484;265.22795373265603;3462.23835212757;2835.9649473300033;626.2734035990691;19.860954418428225;169.32230981574835;343.58037239345515;4341.589509065142;21451.580855653836;9555.534977885898;937.2459851783909;325.6476044456999;1705.618652135449;635.1115680942034;251.9024546826316;486.0632452018242;4286.732681195524;5268.802297591432
Edad entre 50 y 65 años;5515268.40389;53487.728366627205;61434.907366393134;38395.33504975846;45830.465250576526;2021;19537.54247825558;6816.153363386795;43.45898187635109;533.0438429867036;2801.165145539693;9343.721148725015;323.3828461489636;3502.029862280462;2874.2313931868425;627.7984669272647;18.589383453908553;178.97058736337488;331.99643042726115;7947.179003713555;23039.572334621134;7435.130205308786;2471.250821194475;1004.2818744083452;2037.7651732441254;1735.341604937376;221.7132799011676;476.8262530923016;4404.074138394141;3031.056067227976
Edad entre 65 y 85 años;4642283.00743;14628.600702415068;38789.45902213794;30194.2191161455;36235.80921559936;2021;6192.7812195108445;3912.331998831544;79.40646015102787;638.6841445076655;429.41078664944934;1132.9478292198241;319.06381189924565;2402.458691328982;2056.7760548031983;345.6826381182907;12.484124089330288;84.52467322971032;158.7938524707803;24160.85833796107;8595.239923203804;6041.590096656072;20635.53401572822;2653.3893341699754;429.15380401722774;204.06879948127744;113.61750452857873;125.09487621630484;5727.45772408095;314.1323727170916
Edad  mayor de 85 años;880090.48721;6625.029240039833;23481.695447007427;19146.03264019456;25214.976681439035;2021;2647.4734579181086;1579.3851523623935;78.26648730052023;248.9178328872017;187.87873493192376;553.0252485614723;233.57240615206172;1688.1893607295085;1478.9159679759687;209.27339481618085;7.779809968189575;32.29071223233109;100.00372690175153;16856.666189107877;4335.662814052897;6068.943989748775;10591.57923452338;5673.993507937765;262.93493173994455;145.6634494317504;87.11963831607417;95.37542582649284;5884.539770470075;184.40421927869912
Edad entre 17 y 30 años;928666.59876;45114.92234778248;49828.52044476053;31381.28235166245;37789.35477504713;2022;15359.280889202097;3492.5425235812445;20.183250517399564;512.3412967417679;2564.9134246309964;8769.30039307165;134.72047354303837;3087.9571293506333;2562.4949995961592;525.4621328000324;21.461464708969125;153.85440017788918;288.9195827627132;4713.598084812146;18447.23803972161;6408.072418815735;1146.5145335640204;590.4428168834928;1435.3761469531123;486.26346747593294;421.7854507266394;633.2156737002714;3999.1093105833525;2408.9631077965855
Edad entre 30 y 40 años;2883262.64338;48786.548247538376;52331.5591259161;31357.94886118965;38975.768676304375;2022;17754.42653006292;5231.871079830332;18.189572886165422;135.47318417449165;2593.519788749682;9775.372907813267;188.48607743626056;3219.1837606979416;2713.284561807105;505.89920040215793;16.525761987896782;138.51369807651807;283.24349232971997;3545.0108587423647;20973.610254733117;7617.819826652753;873.593822678562;221.4757660915441;1168.7793975276704;220.23529883811304;217.99458479859894;842.9319875911234;4126.026055506935;3491.793771121324
Edad entre 40 y 50 años;4162043.41363;55613.088227047534;59564.45845823356;35927.157851728305;46192.27039279961;2022;19992.887466874465;6501.831101889195;18.211173583122594;240.3437910339926;2951.6699204151705;10280.83147527202;270.53588684449466;3644.413140199296;3072.0427937701884;572.370342726348;19.068058121851344;151.83187656742348;322.2073859985553;3951.370245728994;23637.30063331008;10265.112540475047;975.1062413231648;397.8548588296352;1069.2903419923573;569.4040686141724;276.20565474530486;663.5090640324032;4566.996429077018;5698.116110833732
Edad entre 50 y 65 años;5617709.33843;59478.2041994378;67082.63056034602;41727.90496410483;49353.487122641855;2022;21645.970150615216;7681.783018814483;36.04248888656511;633.9514816639995;3001.138639157146;10293.054538667826;329.2448744072428;3708.755422886244;3103.053555731291;605.701862992813;20.784117968556913;169.1518280541158;331.65212077157383;7604.426376410597;25354.725602659255;7625.582157974023;2459.6432358446473;1001.3199057826444;1570.0534656175628;1740.2900814847972;219.16779287058677;613.9518902029441;4475.118136497384;3150.4640216831117
Edad entre 65 y 85 años;4725832.47057;18604.81505710621;44678.949348124195;34525.24452150995;40862.66311513721;2022;7656.7018448859735;4694.8271259723915;82.97384953399182;856.394907965196;539.3649203259316;1483.141039542363;317.8867075852891;2497.0030086187658;2164.279052676013;332.7239548077943;11.236572820698338;80.87882504217554;164.08956631068378;26074.134294461976;10153.70485325086;6337.41860496139;22362.34687568902;2817.3614408980534;363.1598041657982;229.05562398899474;125.11112720819862;177.09942893827468;5971.121260418856;366.2973453685508
Edad  mayor de 85 años;827741.5087;8528.367282578565;27345.13432830626;22171.31015466351;28770.101065649884;2022;3162.7296609268096;1805.7381205891043;70.38587387313154;427.12745418794907;219.32221346760332;640.1559970037317;259.82758889004594;2011.094558763337;1774.9437038458648;236.15085044295355;8.454864132935306;57.272608246701395;103.34305460914341;18816.76704198104;5173.824220018785;6598.790925902675;12114.620036388813;5933.424467336905;327.54324186671266;166.45516104762794;133.93171818973804;140.79241139530822;6463.248508631836;135.54241727083993